tract,Under 5 years,5 to 17 years,18 to 34 years,35 to 64 years,65 years and over,Male,Female,RACE_White alone,RACE_Black or African American alone,RACE_American Indian and Alaska Native alone,RACE_Asian alone,RACE_Native Hawaiian and Other Pacific Islander alone,RACE_Some other race alone,RACE_Two or more races,Less than high school graduate,High school graduate (includes equivalency),"Some college, associate's degree",Bachelor's degree or higher,Unemployment
27053000101,0.095058231,0.169342147,0.238589865,0.408876298,0.088133459,0.476864967,0.523135033,0.451054454,0.294932326,0.015108593,0.162732137,0,0.023292414,0.052880076,0.110946746,0.286982249,0.359960552,0.242110454,0.062093436
27053000102,0.091459951,0.173641356,0.28441583,0.350691157,0.099791706,0.491384208,0.508615792,0.418860064,0.28441583,0.001893581,0.135391024,0,0.011740201,0.147699299,0.119735259,0.342659446,0.389891697,0.147713598,0.090670663
27053000300,0.051103719,0.13667977,0.275173874,0.449349864,0.087692773,0.504989416,0.495010584,0.720592682,0.129422437,0.002116722,0.060477774,0,0.016328999,0.071061385,0.087916667,0.190416667,0.301666667,0.42,0.04491833
27053000601,0.088644384,0.11625493,0.288976541,0.418725348,0.087398796,0.474154038,0.525845962,0.811085738,0.082831638,0.009964708,0.033423293,0,0.001868383,0.06082624,0.057520851,0.185217141,0.284728214,0.472533794,0.041666667
27053000603,0.081898067,0.093848858,0.286818981,0.423198594,0.114235501,0.537434095,0.462565905,0.908963093,0.011247803,0.022144112,0.008084359,0,0.033743409,0.015817223,0.023202912,0.19244768,0.258871702,0.525477707,0.000541126
27053001100,0.06473108,0.136601618,0.340314136,0.405045217,0.053307949,0.507853403,0.492146597,0.742027606,0.096620657,0.008091385,0.011423132,0,0.070442646,0.071394574,0.094473008,0.140745501,0.312339332,0.452442159,0.038319823
27053001700,0.077578475,0.108071749,0.426457399,0.3367713,0.051121076,0.517040359,0.482959641,0.611210762,0.253363229,0.002690583,0.011659193,0,0.084304933,0.0367713,0.119016818,0.196636481,0.272962484,0.411384217,0.05520615
27053002200,0.15497662,0.269205077,0.26252505,0.261857047,0.051436206,0.386773547,0.613226453,0.20240481,0.384101536,0.062792251,0.248496994,0,0.091516366,0.010688043,0.180704441,0.366003063,0.375191424,0.078101072,0.151785714
27053002400,0.053727613,0.076218242,0.466888796,0.287380258,0.11578509,0.538109121,0.461890879,0.748854644,0.177426072,0.01332778,0.01999167,0,0.004581424,0.035818409,0.065804274,0.191788526,0.299212598,0.443194601,0.029462738
27053002700,0.100878735,0.210544815,0.287170475,0.302636204,0.098769772,0.527240773,0.472759227,0.253778559,0.487521968,0.032688928,0.144815466,0,0.008787346,0.072407733,0.110311751,0.284772182,0.316546763,0.288369305,0.068322981
27053003200,0.046179219,0.225398571,0.299065421,0.324903793,0.104452996,0.506871908,0.493128092,0.314458494,0.579989005,0,0.031335899,0,0.008796042,0.065420561,0.082758621,0.186206897,0.329310345,0.401724138,0.031044214
27053003300,0.094479005,0.289657854,0.302099533,0.274105754,0.039657854,0.501944012,0.498055988,0.097978227,0.578926905,0.030715397,0.199455677,0,0.049377916,0.043545879,0.244766506,0.19726248,0.388888889,0.169082126,0.099750623
27053003800,0.034436579,0,0.817677444,0.127989286,0.01989669,0.542950067,0.457049933,0.754161087,0.013965946,0.03271475,0.122632485,0,0.02429692,0.052228812,0.049311417,0.135495335,0.167036873,0.648156375,0.059776409
27053005901,0.052244582,0.080495356,0.303018576,0.396671827,0.167569659,0.528250774,0.471749226,0.529798762,0.390092879,0.002708978,0.026315789,0,0.037151703,0.013931889,0.172360248,0.196169772,0.346273292,0.285196687,0.111111111
27053005902,0.12228011,0.19123506,0.338032485,0.319950965,0.028501379,0.534171008,0.465828992,0.317192767,0.466748391,0.037082439,0.004596997,0,0.100214527,0.074164879,0.347116431,0.304134929,0.213275299,0.135473341,0.113207547
27053006800,0.046403712,0.033255994,0.647589585,0.245424078,0.027326631,0.515339005,0.484660995,0.713070379,0.197989172,0.005413766,0.029389018,0,0.037380768,0.016756896,0.072611914,0.090236165,0.338033134,0.499118787,0.069908815
27053007700,0.061295565,0.083352682,0.579986069,0.259577432,0.015788252,0.543998143,0.456001857,0.644299977,0.247736243,0,0.050847458,0,0.020664035,0.036452287,0.09007741,0.095003519,0.191766362,0.623152709,0.008692952
27053007801,0.043818466,0.284820031,0.372456964,0.283255086,0.015649452,0.520083464,0.479916536,0.365675535,0.431924883,0,0.019300991,0,0.154929577,0.028169014,0.34088763,0.22190746,0.261567517,0.175637394,0.053045187
27053008100,0.027289266,0.02456034,0.594906004,0.298665858,0.054578532,0.51637356,0.48362644,0.866889024,0.036688902,0.003941783,0.051849606,0,0.003032141,0.037598545,0.009033778,0.141398272,0.211704635,0.637863315,0.045793397
27053008200,0.004242575,0.142001497,0.410781133,0.327926129,0.115048665,0.48315448,0.51684552,0.545046169,0.274769154,0.007486898,0.025954579,0,0.081607187,0.065136012,0.297856883,0.152197603,0.232836905,0.317108609,0.053938688
27053008300,0.080414406,0.240256537,0.337937839,0.293043907,0.048347311,0.573754317,0.426245683,0.33399112,0.297483966,0.026147015,0.006413419,0,0.27923039,0.05673409,0.287722587,0.170571696,0.297094658,0.244611059,0.068376068
27053008400,0.090052356,0.178359511,0.328446771,0.360209424,0.042931937,0.527748691,0.472251309,0.412565445,0.279581152,0,0.017102967,0,0.25061082,0.040139616,0.248099891,0.218241042,0.268186754,0.265472313,0.066115702
27053008500,0.115606936,0.193342635,0.387881204,0.269483755,0.033685469,0.490731513,0.509268487,0.462627068,0.211480965,0.008172214,0.007972892,0,0.284034283,0.025712577,0.324692589,0.147889664,0.201728149,0.325689598,0.078682842
27053009500,0.111955086,0.148612946,0.282694848,0.374174373,0.082562748,0.537318362,0.462681638,0.478863937,0.21994716,0.006274769,0.00660502,0,0.214993395,0.07331572,0.207446809,0.125725338,0.312862669,0.353965184,0.115256125
27053009600,0.147488706,0.112144566,0.333510497,0.355567366,0.051288865,0.524581451,0.475418549,0.730799894,0.159181504,0.012490035,0.028169014,0,0.015413234,0.053946319,0.073945025,0.198993419,0.187379017,0.53968254,0.069247312
27053010600,0.061770762,0.17947838,0.14893617,0.478037062,0.131777625,0.514756349,0.485243651,0.928277282,0.019903912,0,0.018531229,0,0.002059025,0.031228552,0.013056093,0.051740812,0.132978723,0.802224371,0.023658396
27053010700,0.060245739,0.223147047,0.158541419,0.437177963,0.120887832,0.462148236,0.537851764,0.884661118,0.009116132,0.002774475,0.019817677,0,0.010701546,0.072929053,0.007779773,0.070017953,0.190305206,0.731897068,0.052842809
27053011000,0.073065516,0.141008358,0.231598814,0.444863845,0.109463467,0.497169048,0.502830952,0.767861957,0.093016986,0.078188191,0.011593421,0,0.022108385,0.02723106,0.045093795,0.104617605,0.263347763,0.586940837,0.026805015
27053011703,0.113163432,0.142623334,0.146598083,0.472527473,0.125087678,0.452887538,0.547112462,0.892214169,0.012391863,0.037643208,0.005845219,0,0,0.051905541,0.013076169,0.100686499,0.201046093,0.685191239,0.016097369
27053011704,0.053743399,0.18639329,0.19322771,0.454799627,0.111835974,0.482447965,0.517552035,0.893755825,0.050947499,0,0.013668841,0,0.005902454,0.035725381,0.028718388,0.110587227,0.257179597,0.603514788,0.011280039
27053011800,0.088902514,0.125281014,0.262415696,0.401594114,0.121806663,0.478847333,0.521152667,0.901287554,0.033721643,0,0.013693031,0,0.010627427,0.040670345,0.021624619,0.078735792,0.203215969,0.696423621,0.004760286
27053011998,0.081008974,0.086829978,0.198641766,0.442153772,0.191365511,0.468590832,0.531409168,0.808149406,0.096774194,0.008246423,0.014795052,0,0.002910502,0.069124424,0.028717294,0.174218251,0.306636886,0.490427569,0.063182527
27053012001,0.076558266,0.151761518,0.198001355,0.454098916,0.119579946,0.512533875,0.487466125,0.834688347,0.034383469,0,0.067920054,0,0.036924119,0.026084011,0.052815263,0.086551885,0.248255002,0.61237785,0.065695364
27053012003,0.049314117,0.214794235,0.27487411,0.364125716,0.096891821,0.509116166,0.490883834,0.610175378,0.191179024,0,0.040458413,0,0.084910575,0.073276611,0.085765034,0.189545801,0.326059376,0.398629789,0.01837985
27053012101,0.082223702,0.188415446,0.24334221,0.417110519,0.068908123,0.515978695,0.484021305,0.653129161,0.116844208,0.005992011,0.018641811,0,0.104527297,0.100865513,0.102255639,0.187468672,0.297744361,0.412531328,0.021546961
27053012102,0.050623886,0.095900178,0.274153298,0.460606061,0.118716578,0.483778966,0.516221034,0.783244207,0.092335116,0.02745098,0.024955437,0,0.031729055,0.040285205,0.039058824,0.176941176,0.358588235,0.425411765,0.021586616
27053020101,0.069490009,0.182821354,0.152997316,0.423203102,0.17148822,0.517447062,0.482552938,0.814792723,0.027736356,0.048314942,0.029227557,0,0.002385923,0.077542499,0.061148087,0.15266223,0.269134775,0.517054908,0.016835017
27053020102,0.097048301,0.11940966,0.192307692,0.330053667,0.26118068,0.471824687,0.528175313,0.959749553,0.002236136,0,0.01744186,0,0,0.020572451,0.018007203,0.18847539,0.293517407,0.5,0.027895182
27053020200,0.086401894,0.223566544,0.295370857,0.314045239,0.080615466,0.4756707,0.5243293,0.361783272,0.399526565,0.002498685,0.105207785,0,0.099684377,0.031299316,0.200874317,0.292677596,0.307759563,0.198688525,0.028996101
27053020301,0.095368917,0.210361068,0.233516484,0.345761381,0.114992151,0.518053375,0.481946625,0.458398744,0.293171115,0.000784929,0.175824176,0,0.029434851,0.042386185,0.117133956,0.309034268,0.401246106,0.17258567,0.040258807
27053020302,0.065020576,0.257613169,0.235390947,0.334156379,0.10781893,0.438271605,0.561728395,0.357613169,0.41563786,0.008641975,0.185596708,0,0.008230453,0.024279835,0.125487646,0.28153446,0.426527958,0.166449935,0.082018927
27053020303,0.06292267,0.175830638,0.271096736,0.365480741,0.124669215,0.50632167,0.49367833,0.461628933,0.165245516,0,0.298441635,0,0.053219641,0.021464275,0.190454545,0.317727273,0.332727273,0.159090909,0.0734375
27053020304,0.103234153,0.181630013,0.300129366,0.321345408,0.093661061,0.455886158,0.544113842,0.361707633,0.182664942,0,0.277619664,0,0.120310479,0.057697283,0.30651341,0.292890592,0.198808003,0.201787995,0.043792108
27053020400,0.044166504,0.207934337,0.281024038,0.351768614,0.115106508,0.467070549,0.532929451,0.496970881,0.260895056,0.007426226,0.131131522,0,0.092046121,0.011530193,0.12109375,0.228665865,0.372596154,0.277644231,0.090333919
27053020500,0.114548495,0.163879599,0.226867336,0.395763657,0.098940914,0.51393534,0.48606466,0.636287625,0.160813824,0,0.150222965,0,0.021460424,0.031215162,0.126503526,0.296972211,0.400663625,0.175860639,0.074214518
27053020600,0.080865068,0.220498354,0.178655383,0.366243535,0.153737659,0.474847203,0.525152797,0.559943583,0.181476258,0,0.199811942,0,0.007522332,0.051245886,0.121794872,0.323361823,0.375356125,0.179487179,0.057985758
27053020700,0.072645528,0.138192144,0.2219593,0.43185045,0.135352579,0.516090866,0.483909134,0.809275911,0.102460956,0.006625651,0.03099858,0,0.026265973,0.024372929,0.030958722,0.293608522,0.400466045,0.274966711,0.065742574
27053020801,0.073477604,0.165576246,0.192752894,0.451937594,0.116255662,0.527428284,0.472571716,0.672873679,0.23502768,0.001006543,0.040261701,0,0.028686462,0.022143936,0.058333333,0.302777778,0.36875,0.270138889,0.032136106
27053020804,0.03658152,0.139072848,0.288867865,0.398612425,0.136865342,0.483759067,0.516240933,0.690633869,0.255439924,0,0.024282561,0,0.011983601,0.017660044,0.116533446,0.308792596,0.329827514,0.244846445,0.034188034
27053020902,0.075729927,0.126824818,0.246350365,0.399635036,0.151459854,0.505018248,0.494981752,0.917427007,0.01459854,0,0.04060219,0,0.004562044,0.022810219,0.049101796,0.210179641,0.305988024,0.434730539,0.022438295
27053020903,0.060208544,0.104944501,0.241506895,0.449041372,0.144298688,0.488731921,0.511268079,0.830137908,0.013454423,0,0.076690212,0,0.044735957,0.0349815,0.04202773,0.308492201,0.305025997,0.344454073,0.016138329
27053021001,0.044827586,0.161247947,0.289326765,0.396387521,0.108210181,0.502791461,0.497208539,0.740229885,0.209031199,0,0.022167488,0,0,0.028571429,0.030382775,0.312200957,0.278947368,0.3784689,0.049037701
27053021002,0.029096478,0.148545176,0.204185809,0.418070444,0.200102093,0.457886677,0.542113323,0.747830526,0.196528841,0.015313936,0,0,0.001531394,0.038795304,0.068920676,0.284785436,0.369960988,0.2763329,0.034662045
27053021100,0.076253838,0.134595701,0.25383828,0.41555783,0.11975435,0.47185261,0.52814739,0.798874104,0.144831116,0,0.027635619,0,0,0.028659161,0.064808362,0.244599303,0.395121951,0.295470383,0.059364548
27053021200,0.071714922,0.149665924,0.210022272,0.442093541,0.126503341,0.468374165,0.531625835,0.818262806,0.058129176,0.01091314,0.043207127,0,0.024276169,0.045211581,0.062614539,0.172571778,0.278558338,0.486255345,0.013412229
27053021300,0.035499139,0.151247849,0.268502582,0.327667814,0.217082616,0.494406196,0.505593804,0.70697074,0.157056799,0.006024096,0.020438898,0,0.067340792,0.042168675,0.075597554,0.247915509,0.387437465,0.289049472,0.064117881
27053021400,0.045553145,0.198636504,0.281685776,0.400681748,0.073442826,0.518128293,0.481871707,0.715835141,0.129222188,0,0.025720483,0,0,0.129222188,0.040951123,0.168207838,0.417437252,0.373403787,0.050731707
27053021501,0.086989033,0.123629113,0.190179462,0.37113659,0.228065803,0.449152542,0.550847458,0.705882353,0.166251246,0.00224327,0.033150548,0,0.038135593,0.054336989,0.075736325,0.32398317,0.32398317,0.276297335,0.0608
27053021502,0.096142938,0.204480998,0.227169597,0.338910947,0.133295519,0.44583097,0.55416903,0.49432785,0.375779921,0,0.022972206,0,0.05643789,0.050482133,0.230912477,0.253724395,0.334264432,0.181098696,0.07100271
27053021503,0.109894485,0.15687836,0.210432013,0.370097551,0.152697591,0.477204858,0.522795142,0.690424049,0.247262592,0.001791758,0.023890106,0,0,0.036631495,0.063454056,0.277761149,0.332535169,0.326249626,0.017275226
27053021504,0.047105562,0.163450624,0.215096481,0.405221339,0.169125993,0.491486947,0.508513053,0.783768445,0.104143019,0.001986379,0.063280363,0,0.026390465,0.020431328,0.062133646,0.234857366,0.313403673,0.389605315,0.023463163
27053021505,0.079934747,0.126310883,0.265672337,0.373106502,0.15497553,0.491959916,0.508040084,0.711023072,0.162432999,0.020974132,0.0370543,0,0.000932184,0.067583314,0.031035609,0.22508984,0.318196668,0.425677883,0.054135338
27053021601,0.040793072,0.125341841,0.217639015,0.426162261,0.19006381,0.460118505,0.539881495,0.785551504,0.115314494,0,0.053783045,0,0.005241568,0.040109389,0.029515939,0.124557261,0.316115702,0.529811098,0.029855989
27053021602,0.049465006,0.147167164,0.207156639,0.379231714,0.216979477,0.453253815,0.546746185,0.848798456,0.095246448,0.014208034,0.010173654,0,0.00245571,0.029117699,0.023523764,0.128900624,0.290926548,0.556649064,0.056590986
27053021700,0.077483698,0.105868815,0.095320292,0.509589567,0.211737629,0.460874568,0.539125432,0.901802839,0.014959724,0.00287687,0.038550058,0,0.009589567,0.032220944,0.008977085,0.129695252,0.25773683,0.603590834,0.008513657
27053021800,0.072138229,0.118358531,0.144708423,0.432397408,0.232397408,0.465658747,0.534341253,0.887257019,0.031965443,0,0.037580994,0,0,0.043196544,0,0.07107438,0.237465565,0.691460055,0.012274959
27053021900,0.056894049,0.088534107,0.223222061,0.408127721,0.223222061,0.492307692,0.507692308,0.880406386,0.027576197,0.013062409,0.044992743,0.003483309,0,0.030478955,0.017850361,0.135586783,0.219901253,0.626661603,0.028081866
27053022000,0.028121485,0.046119235,0.451631046,0.38976378,0.084364454,0.464004499,0.535995501,0.903824522,0.012935883,0.015185602,0.042744657,0,0,0.025309336,0.005863192,0.071661238,0.225407166,0.697068404,0.019191227
27053022101,0.039541759,0.121212121,0.362158167,0.390243902,0.08684405,0.533998522,0.466001478,0.698078344,0.130081301,0.004065041,0.08240946,0,0.063932003,0.021433851,0.042665388,0.140939597,0.235378715,0.581016299,0.041188738
27053022102,0.064622125,0.134355604,0.27418766,0.390288426,0.136546185,0.433369843,0.566630157,0.821102592,0.12924425,0,0.022270902,0.004746258,0.004381161,0.018254838,0.055636188,0.15481374,0.249153362,0.54039671,0.020097442
27053022200,0.03330431,0.118633,0.309098825,0.421636918,0.117326948,0.513713539,0.486286461,0.904440575,0.035698737,0.00043535,0.026991728,0,0.007183283,0.025250327,0.031949754,0.125887493,0.305570726,0.536592026,0.031240038
27053022301,0.054464286,0.121428571,0.212053571,0.36875,0.243303571,0.520089286,0.479910714,0.864285714,0.071875,0.000892857,0.010714286,0,0,0.052232143,0.03048416,0.108786611,0.278541542,0.582187687,0.02134647
27053022302,0.038297872,0.206219313,0.267757774,0.384942717,0.102782324,0.472013093,0.527986907,0.790180033,0.134860884,0.000654664,0.023895254,0,0.008837971,0.041571195,0.041030534,0.178435115,0.374522901,0.40601145,0.026217228
27053022400,0.076881134,0.14612868,0.285441658,0.357688113,0.133860414,0.497273719,0.502726281,0.758178844,0.146946565,0,0.047982552,0,0.023718648,0.023173391,0.027303754,0.147516117,0.31513083,0.510049298,0.060709705
27053022700,0.062599954,0.151245145,0.30705963,0.387936943,0.091158328,0.510395248,0.489604752,0.734521362,0.152615947,0,0.0235321,0,0.063513822,0.025816769,0.074565561,0.145023697,0.209794629,0.570616114,0.020150273
27053022801,0.069457659,0.178401522,0.139391056,0.441960038,0.170789724,0.48715509,0.51284491,0.900570885,0,0.015223597,0.038058991,0,0.002854424,0.043292103,0.020889488,0.058625337,0.156334232,0.764150943,0.039249147
27053022802,0.058210252,0.072400811,0.448016218,0.270199826,0.151172893,0.432667246,0.567332754,0.859252824,0.039965248,0.002606429,0.0445989,0,0.046046916,0.007529684,0.025396825,0.079365079,0.270238095,0.625,0.017964072
27053022901,0.034279919,0.121703854,0.3168357,0.323123732,0.204056795,0.477484787,0.522515213,0.884584178,0.035294118,0.002434077,0.046247465,0,0.01663286,0.014807302,0.004242906,0.102625298,0.20259878,0.690533015,0.038025146
27053022902,0.07574832,0.178375076,0.171044594,0.4526573,0.12217471,0.503970678,0.496029322,0.941967013,0.007941356,0.003054368,0,0,0.004276115,0.042761148,0.003415884,0.065755764,0.169940222,0.76088813,0.027139875
27053023000,0.044510386,0.091140314,0.445951674,0.324925816,0.09347181,0.522679101,0.477320899,0.746078847,0.1532429,0.007206443,0.069309029,0,0.005086901,0.01907588,0.034056578,0.137599561,0.296347157,0.531996704,0.034108059
27053023100,0.085275424,0.254766949,0.081038136,0.46875,0.110169492,0.503707627,0.496292373,0.899364407,0,0,0.060381356,0,0.005826271,0.034427966,0.010797342,0.102990033,0.112126246,0.774086379,0.039460021
27053023200,0.08887415,0.103797049,0.420328304,0.291493948,0.095506549,0.493616316,0.506383684,0.525949262,0.18487813,0.006300779,0.216879456,0,0.050240424,0.015751948,0.029108822,0.194805195,0.195700851,0.580385132,0.027337762
27053023300,0.050645995,0.146942291,0.296640827,0.386907838,0.118863049,0.506459948,0.493540052,0.7583118,0.187769165,0,0.015848407,0,0.002411714,0.035658915,0.087199813,0.193285148,0.306831429,0.412683609,0.01877551
27053023400,0.058263581,0.191038897,0.285245364,0.330543246,0.134908912,0.481536189,0.518463811,0.585918267,0.264565895,0.012801576,0.03446578,0,0.069095684,0.033152798,0.064321608,0.249497487,0.378894472,0.307286432,0.090797168
27053023501,0.058214748,0.149288486,0.158344114,0.409055627,0.225097025,0.485899094,0.514100906,0.920827943,0.00931436,0,0.041655886,0,0,0.028201811,0.022743177,0.16410077,0.202589223,0.61056683,0.032755299
27053023502,0.043915344,0.17372134,0.135626102,0.431746032,0.214991182,0.470723104,0.529276896,0.95308642,0.009347443,0.002116402,0.018342152,0,0.002645503,0.014462081,0.000929584,0.058331397,0.202184522,0.738554497,0.013214404
27053023600,0.047418335,0.244204426,0.098788198,0.454162276,0.155426765,0.491570074,0.508429926,0.947839831,0,0.005795574,0.027133825,0,0,0.019230769,0.0048583,0.047368421,0.102024291,0.845748988,0.028057173
27053023700,0.050686591,0.229200323,0.098747981,0.427705977,0.193659128,0.470113086,0.529886914,0.907714055,0.012116317,0,0.053311793,0,0,0.026857835,0.014886165,0.079100992,0.164039696,0.741973147,0.026492685
27053023801,0.082267927,0.225680934,0.132481008,0.436538818,0.123031314,0.511209931,0.488790069,0.928478785,0.021863999,0.000555864,0.02760793,0,0.004446915,0.017046507,0.002284409,0.051684752,0.2178755,0.72815534,0.034407028
27053023802,0.073456352,0.215755855,0.197657913,0.372959546,0.140170334,0.444996451,0.555003549,0.799503194,0.033002129,0,0.094748048,0,0.040099361,0.032647268,0.011530398,0.09591195,0.25,0.642557652,0.042857143
27053023901,0.063387978,0.22431694,0.08989071,0.454098361,0.168306011,0.49726776,0.50273224,0.957377049,0,0.002185792,0.026502732,0,0,0.013934426,0.001239669,0.070247934,0.169421488,0.759090909,0.021843367
27053023902,0.044561572,0.232870149,0.10110206,0.409678965,0.211787254,0.512697652,0.487302348,0.840919981,0.077623383,0,0.051269765,0,0,0.030186871,0.019438445,0.064794816,0.094312455,0.821454284,0.056144068
27053023903,0.049814356,0.146658416,0.082611386,0.347462871,0.37345297,0.488242574,0.511757426,0.807858911,0.048267327,0.002475248,0.083230198,0,0,0.058168317,0.012944984,0.057847896,0.21723301,0.71197411,0.051209104
27053024003,0.074088516,0.142912849,0.262624293,0.397738351,0.122635991,0.456814194,0.543185806,0.615519594,0.013257945,0.002924547,0.267693508,0,0.081107428,0.019496978,0.054887611,0.089649765,0.173549399,0.681913225,0.057825485
27053024004,0.043901281,0.053156146,0.172757475,0.281205505,0.448979592,0.431893688,0.568106312,0.733981965,0.076649264,0,0.138822971,0,0.038443284,0.012102515,0.043022614,0.16988417,0.264478764,0.522614451,0.043624161
27053024005,0.032258065,0.015180266,0.331593928,0.322580645,0.298387097,0.387571157,0.612428843,0.817362429,0.031783681,0.00711575,0.081119545,0,0.016603416,0.04601518,0.012903226,0.132258065,0.261290323,0.593548387,0.00862069
27053024006,0.057902231,0.189843379,0.104413859,0.396772663,0.251067869,0.467489321,0.532510679,0.897959184,0.040816327,0,0.0336972,0,0.017085904,0.010441386,0.003367003,0.073400673,0.143434343,0.77979798,0.050189394
27053024100,0.091073583,0.116405308,0.206574186,0.436972256,0.148974668,0.497889023,0.502110977,0.778648975,0.082328106,0,0.028648975,0,0.032267793,0.078106152,0.033184945,0.182921894,0.292189397,0.491703764,0.019709057
27053024200,0.054904587,0.130231001,0.201205223,0.49179779,0.121861399,0.529293606,0.470706394,0.892869099,0.050552394,0,0,0,0.004352193,0.052226314,0.018703784,0.151805133,0.326663767,0.502827316,0.041950708
27053024300,0.050219711,0.103368906,0.522912743,0.2521448,0.07135384,0.52521448,0.47478552,0.650973007,0.084745763,0,0.157145846,0,0.06779661,0.039338774,0.11707613,0.138914164,0.195025781,0.548983925,0.049277073
27053024400,0.033940604,0.07262291,0.216121787,0.296730721,0.380583978,0.421512353,0.578487647,0.729722985,0.149987522,0.004991265,0.035687547,0,0.063638632,0.015972049,0.105840498,0.158019567,0.342128669,0.394011266,0.065849923
27053024500,0.062220233,0.110116383,0.218442256,0.431065354,0.178155774,0.492837959,0.507162041,0.81736795,0.007609669,0.002685765,0.130707252,0,0.010743062,0.030886303,0.070123748,0.173246906,0.341779611,0.414849735,0.054929577
27053024600,0.040652447,0.200752823,0.257465496,0.379673777,0.121455458,0.461982434,0.538017566,0.678795483,0.123462986,0.005269762,0.033877039,0.003513174,0.138770389,0.016311167,0.089051095,0.240510949,0.302919708,0.367518248,0.057420137
27053024700,0.081998115,0.151429469,0.194470625,0.389569588,0.182532202,0.52403393,0.47596607,0.763430726,0.088909833,0.002199183,0.0355011,0,0.072887213,0.037071945,0.078205128,0.208974359,0.298717949,0.414102564,0.021082621
27053024801,0.067453626,0.162310287,0.25084317,0.40851602,0.110876897,0.509274874,0.490725126,0.643338954,0.114671164,0.022344013,0.086003373,0,0.070826307,0.062816189,0.097205346,0.267314702,0.308019441,0.32746051,0.023480663
27053024802,0.08203415,0.161469933,0.307349666,0.322197476,0.126948775,0.522271715,0.477728285,0.539346696,0.159242762,0.019302153,0.010764662,0,0.20861173,0.062731997,0.179651163,0.302906977,0.25755814,0.259883721,0.023343849
27053024901,0.087248322,0.173537872,0.309683605,0.314477469,0.115052733,0.528283797,0.471716203,0.52253116,0.195589645,0.018216683,0.194630872,0,0.021093001,0.047938639,0.118741059,0.187410587,0.39055794,0.303290415,0.009983361
27053024902,0.068832173,0.197602475,0.24671307,0.389404486,0.097447796,0.559938128,0.440061872,0.703789637,0.091260634,0.00154679,0.09512761,0,0.08391338,0.024361949,0.228832952,0.205377574,0.27402746,0.291762014,0.0220234
27053024903,0.06640159,0.244532803,0.224652087,0.362624254,0.101789264,0.522067594,0.477932406,0.617892644,0.178131213,0.004373757,0.031013917,0,0.093439364,0.075149105,0.235294118,0.232131562,0.334598355,0.197975965,0.051546392
27053025100,0.036097212,0.070050036,0.36919228,0.39814153,0.126518942,0.572909221,0.427090779,0.636168692,0.211222302,0,0.065761258,0,0.083273767,0.003573981,0.08373436,0.277189605,0.280076997,0.358999038,0.068785826
27053025201,0.0826839,0.214788063,0.254324273,0.373693214,0.074510549,0.528796807,0.471203193,0.484888804,0.206044478,0.009123741,0.087055693,0,0.187796997,0.025090287,0.215556226,0.324088031,0.264395538,0.195960205,0.067459043
27053025205,0.0625,0.150747508,0.206395349,0.427740864,0.152616279,0.507059801,0.492940199,0.681270764,0.106727575,0,0.096345515,0,0.067068106,0.04858804,0.120512821,0.223646724,0.392022792,0.263817664,0.05151729
27053025301,0.012481089,0.167170953,0.12934947,0.438729198,0.252269289,0.504916793,0.495083207,0.888048411,0.05408472,0,0.019288956,0,0.001891074,0.036686838,0.035323383,0.179104478,0.314925373,0.470646766,0.025534852
27053025302,0.075164939,0.113336475,0.217719133,0.408105561,0.185673893,0.473609802,0.526390198,0.67860509,0.158576814,0.006126296,0.061498586,0,0.039585297,0.055607917,0.112616973,0.297838012,0.34946757,0.240077444,0.060394412
27053025401,0.084059336,0.134447846,0.2611255,0.378149282,0.142218036,0.544855192,0.455144808,0.598540146,0.140334354,0.00729927,0.105957146,0,0.10854721,0.039321874,0.14477304,0.263755158,0.403713893,0.187757909,0.041043345
27053025403,0.08893607,0.160651097,0.299598962,0.344184949,0.106628922,0.478650625,0.521349375,0.656994574,0.115357396,0.045057797,0.053078556,0.001179523,0.035621609,0.092710545,0.122718447,0.181747573,0.410873786,0.284660194,0.054455446
27053025601,0.024488157,0.137695705,0.255720594,0.354877559,0.227217985,0.424729024,0.575270976,0.824969892,0.016057808,0.002810116,0.080289041,0,0,0.075873143,0.043367347,0.207142857,0.290816327,0.458673469,0.016788321
27053025603,0.038597445,0.115520522,0.204675183,0.428920902,0.212285947,0.511552052,0.488447948,0.869529764,0.028540364,0.002174504,0.055178038,0,0.011959772,0.032617559,0.040183292,0.140641523,0.308776877,0.510398308,0.057283951
27053025605,0.08118187,0.078886976,0.278829604,0.360585198,0.200516351,0.497705106,0.502294894,0.802639128,0.075444636,0.002008032,0.094664372,0,0,0.025243832,0.039071139,0.188720973,0.286030225,0.486177663,0
27053025701,0.029846504,0.154206936,0.256679932,0.379761228,0.179505401,0.485503127,0.514496873,0.798038658,0.114269471,0,0.016060262,0,0.052018192,0.019613417,0.058800547,0.171127173,0.263723383,0.506348896,0.014632995
27053025702,0.063302546,0.1462041,0.136291958,0.423293535,0.230907862,0.4854697,0.5145303,0.804911016,0.108583014,0.004280243,0.029060599,0,0.014642938,0.03852219,0.031212842,0.188466112,0.37098692,0.409334126,0.011245675
27053025801,0.057040417,0.079204694,0.290091265,0.379074316,0.194589309,0.462842243,0.537157757,0.7363103,0.09517601,0.000325945,0.058344198,0,0.066818774,0.043024772,0.038528897,0.23380035,0.314360771,0.413309982,0.026329114
27053025802,0.077189939,0.108412836,0.1773634,0.445359931,0.191673894,0.539895924,0.460104076,0.892020815,0.010407632,0.000433651,0.029921943,0,0.012142238,0.055073721,0.040571429,0.188571429,0.299428571,0.471428571,0.019741838
27053025803,0.080763116,0.103974563,0.20572337,0.418759936,0.190779014,0.47027027,0.52972973,0.762798092,0.118600954,0.000317965,0.052782194,0,0.010492846,0.055007949,0.074903142,0.239345674,0.375376668,0.310374516,0.041052632
27053025805,0.044219067,0.144827586,0.167951318,0.390669371,0.252332657,0.515212982,0.484787018,0.962271805,0.00040568,0.00040568,0.007707911,0,0,0.029208925,0.075928918,0.231556274,0.283791061,0.408723748,0.041926851
27053025903,0.031475748,0.13003096,0.166838665,0.425868593,0.245786034,0.459236326,0.540763674,0.867733058,0.02872377,0,0.06879945,0.001891985,0.007395941,0.025455796,0.041983903,0.138786165,0.235588427,0.583641505,0.033218786
27053025905,0.031104651,0.136046512,0.090116279,0.377616279,0.365116279,0.508139535,0.491860465,0.90872093,0.021511628,0,0.050872093,0,0.003197674,0.015697674,0.020893372,0.082492795,0.231988473,0.66462536,0
27053025906,0.059533259,0.13986347,0.233529132,0.425464359,0.141609779,0.496269249,0.503730751,0.792347992,0.02428957,0,0.066042229,0,0.006350214,0.110969995,0.030521038,0.150643122,0.331807281,0.487028559,0.038995215
27053025907,0.054025198,0.136450993,0.151398676,0.42707666,0.231048473,0.433055734,0.566944266,0.886397608,0.017296605,0.01665599,0.046551356,0,0.008541533,0.024556908,0.022085547,0.14117976,0.313111546,0.523623148,0.025
27053026005,0.04095309,0.199305038,0.207247456,0.437825763,0.114668652,0.518987342,0.481012658,0.761727476,0.094316207,0,0.066517746,0.041697692,0.006949615,0.028791263,0.051983057,0.145552561,0.293800539,0.508663843,0.04675783
27053026006,0.080232161,0.131444179,0.252645954,0.387162854,0.148514851,0.481392967,0.518607033,0.848412427,0.098668488,0.000341413,0.026630249,0,0.007169682,0.01877774,0.024310425,0.123889668,0.305750351,0.546049556,0.026570048
27053026007,0.055821704,0.156009165,0.280774839,0.368048323,0.13934597,0.494480317,0.505519683,0.786086232,0.157050614,0,0.031451781,0,0.007081858,0.018329515,0.01920192,0.144314431,0.299129913,0.537353735,0.015333333
27053026013,0.057443543,0.180004385,0.187678141,0.4667836,0.108090331,0.516114887,0.483885113,0.902214427,0.00021925,0.005042754,0.077833808,0,0.005481254,0.009208507,0.014438167,0.128374137,0.19742624,0.659761456,0.01565344
27053026014,0.070734551,0.175087447,0.151185387,0.469685192,0.133307423,0.471628449,0.528371551,0.867275554,0.038476487,0,0.047221143,0,0.004663817,0.042363,0.0182533,0.119910138,0.213704016,0.648132547,0.024606972
27053026015,0.058076564,0.175536881,0.177217554,0.451727358,0.137441643,0.454341737,0.545658263,0.837535014,0.038842204,0.011204482,0.075443511,0,0.009897292,0.027077498,0.013534617,0.058823529,0.271733472,0.655908381,0.02953451
27053026016,0.076245918,0.140423115,0.167684225,0.474939656,0.140707085,0.49254579,0.50745421,0.806190544,0.091012353,0,0.077381798,0,0.008803067,0.016612239,0.04639076,0.076419634,0.278152069,0.599037536,0.023034909
27053026018,0.056568111,0.18928041,0.151748346,0.473336033,0.129067099,0.523288781,0.476711219,0.726879978,0.000135007,0,0.213176725,0,0.001890104,0.057918186,0.007933437,0.078366873,0.197174923,0.716524768,0.011458582
27053026019,0.096087172,0.161135876,0.318969787,0.403169886,0.020637279,0.544328876,0.455671124,0.487204887,0.124649166,0,0.301964669,0,0.050189863,0.035991415,0.111781748,0.099710285,0.159584742,0.628923225,0.0426711
27053026020,0.072081017,0.180301827,0.234710087,0.305003971,0.207903098,0.469221604,0.530778396,0.676926132,0.232922955,0,0.056592534,0,0.021644162,0.011914218,0.083795782,0.122641509,0.229467259,0.56409545,0.079266055
27053026021,0.053349574,0.16954933,0.149330085,0.514250914,0.113520097,0.496224117,0.503775883,0.893544458,0.004872107,0.001461632,0.067235079,0,0.009500609,0.023386114,0.015182885,0.072463768,0.210489993,0.701863354,0.026586621
27053026022,0.039950235,0.264998618,0.121924247,0.491152889,0.081974012,0.519214819,0.480785181,0.815593033,0.005805917,0,0.169477468,0,0,0.009123583,0.004997827,0.074750109,0.105606258,0.814645806,0.022066199
27053026101,0.064496685,0.163954189,0.15310428,0.406268837,0.21217601,0.454792043,0.545207957,0.88517179,0.062085594,0.003616637,0.008137432,0,0,0.040988547,0.032204099,0.17147637,0.215809285,0.580510247,0.021801492
27053026103,0.036023055,0.169308357,0.178674352,0.416066282,0.199927954,0.471902017,0.528097983,0.857348703,0.018371758,0,0.070244957,0,0,0.054034582,0.013248283,0.147693817,0.280176644,0.558881256,0.052147239
27053026104,0.067768595,0.080991736,0.286658796,0.379929162,0.184651712,0.432349469,0.567650531,0.703659976,0.241558442,0,0.048406139,0,0.006375443,0,0.035202864,0.168257757,0.304594272,0.491945107,0.008896797
27053026201,0.043744532,0.23301254,0.131525226,0.442986293,0.148731409,0.504811899,0.495188101,0.953339166,0.01428988,0,0.001749781,0.003791193,0.004957714,0.021872266,0.013793103,0.141810345,0.184482759,0.659913793,0.041423571
27053026202,0.047889322,0.182334161,0.106420717,0.459028024,0.204327776,0.455835403,0.544164597,0.927633913,0.024476765,0,0.014189429,0,0,0.033699894,0.017433414,0.124939467,0.275544794,0.582082324,0.013736264
27053026205,0.04601227,0.174233129,0.160736196,0.465030675,0.15398773,0.440797546,0.559202454,0.946319018,0.003067485,0.002760736,0.014110429,0,0.016871166,0.016871166,0.037790698,0.13372093,0.23961794,0.588870432,0.017699115
27053026206,0.066048667,0.107763615,0.127462341,0.425550406,0.273174971,0.47363847,0.52636153,0.952780997,0,0,0.029837775,0,0,0.017381228,0.023507463,0.142910448,0.237313433,0.596268657,0.019596865
27053026207,0.051656666,0.192277589,0.13905557,0.423949909,0.193060266,0.489172972,0.510827028,0.895903992,0.046699713,0.00573963,0.020610488,0,0,0.031046178,0.031204112,0.081864905,0.317547724,0.56938326,0.047169811
27053026208,0.053493815,0.145770645,0.129722501,0.478769642,0.192243397,0.50183885,0.49816115,0.891006352,0.011033099,0,0.040789034,0,0.012036108,0.045135406,0.010050251,0.130196437,0.271356784,0.588396528,0.036542923
27053026301,0.040602312,0.156224792,0.179618177,0.412745362,0.210809357,0.505512234,0.494487766,0.936810971,0.009680022,0,0.037106749,0,0.00537779,0.011024469,0.013005272,0.087521968,0.172231986,0.727240773,0.013513514
27053026302,0.057336078,0.164069391,0.11084975,0.470743899,0.197000882,0.492208174,0.507791826,0.974419288,0.006468686,0,0.004704499,0,0,0.014407527,0.007524752,0.091089109,0.281188119,0.62019802,0.041088284
27053026402,0.054927559,0.091227512,0.348033753,0.329565356,0.176245821,0.507084859,0.492915141,0.753383219,0.097118293,0,0.117815634,0,0,0.031682853,0.034825871,0.15641791,0.298308458,0.510447761,0.048509348
27053026403,0.034377852,0.114998479,0.191055674,0.405536964,0.254031031,0.474292668,0.525707332,0.777912991,0.080012169,0.004563432,0.117736538,0,0.016428354,0.003346517,0.014117647,0.176470588,0.254901961,0.554509804,0.073210412
27053026404,0.04243098,0.149342227,0.158050769,0.416898277,0.233277747,0.479155086,0.520844914,0.938484343,0.022419863,0.004817491,0.021122846,0,0.007967389,0.005188067,0.019895784,0.07721459,0.19587873,0.707010895,0.034711265
27053026505,0.048739496,0.120728291,0.224929972,0.396358543,0.209243697,0.511484594,0.488515406,0.860784314,0.047619048,0,0.063305322,0,0,0.028291317,0.010079194,0.153347732,0.254859611,0.581713463,0.039187913
27053026507,0.05952381,0.142241379,0.271962233,0.36453202,0.161740558,0.459154351,0.540845649,0.878694581,0.017857143,0.016625616,0.069786535,0,0.003284072,0.013752053,0.011494253,0.163592622,0.242448543,0.582464582,0.012937835
27053026508,0.066751162,0.108365019,0.16434305,0.434516265,0.226024504,0.460287283,0.539712717,0.925010562,0.025348542,0,0.023869877,0,0.007182087,0.018588931,0.014266487,0.125168237,0.261103634,0.599461642,0.037632569
27053026509,0.06316726,0.144795374,0.161921708,0.502669039,0.127446619,0.46797153,0.53202847,0.912144128,0.024688612,0,0.013345196,0,0.016681495,0.033140569,0.010631835,0.117557716,0.208080194,0.663730255,0.009516837
27053026510,0.057278569,0.107013132,0.281084102,0.373568036,0.181056161,0.411567477,0.588432523,0.849119866,0.0620285,0,0.036043588,0,0.006146968,0.046661079,0.013888889,0.194444444,0.317982456,0.473684211,0.022242397
27053026511,0.085233161,0.142227979,0.347409326,0.372279793,0.052849741,0.530829016,0.469170984,0.653626943,0.252331606,0,0.056994819,0,0.004404145,0.032642487,0.074403558,0.142337242,0.366761019,0.41649818,0.021973466
27053026512,0.040218132,0.129686435,0.205180641,0.4665985,0.158316292,0.517211997,0.482788003,0.887355147,0.024880709,0.003919564,0.048227676,0.000511247,0.022665303,0.012440354,0.058498896,0.136423841,0.234657837,0.570419426,0.039154044
27053026514,0.080347898,0.089459515,0.365500104,0.344170636,0.120521847,0.515427625,0.484572375,0.784220335,0.02526403,0,0.141851315,0,0,0.04866432,0.024430414,0.182267362,0.326104859,0.467197365,0.040317654
27053026605,0.064676617,0.188778331,0.098396904,0.43946932,0.208678828,0.454394693,0.545605307,0.84936429,0.008291874,0.001658375,0.126036484,0,0,0.014648977,0.011871785,0.13494262,0.225959636,0.62722596,0.022913257
27053026606,0.092006332,0.173328057,0.155124654,0.443411159,0.136129798,0.492481203,0.507518797,0.896715473,0.03086664,0,0.054214484,0,0,0.018203403,0.016331292,0.072907553,0.254009915,0.656751239,0.032154341
27053026609,0.085159011,0.134275618,0.154770318,0.448763251,0.177031802,0.511660777,0.488339223,0.860070671,0.003886926,0.068551237,0.036749117,0,0.011660777,0.019081272,0.022639692,0.153179191,0.404624277,0.41955684,0.007633588
27053026610,0.072671684,0.171919097,0.123236124,0.435559737,0.196613358,0.475540922,0.524459078,0.899811853,0.017168391,0,0.025634995,0,0.017638758,0.039746002,0.010571523,0.155599604,0.245127189,0.588701685,0.055153707
27053026611,0.050443906,0.166666667,0.258676352,0.370258273,0.153954802,0.461057304,0.538942696,0.793987086,0.058716707,0,0.059322034,0,0,0.087974173,0.00799053,0.131991714,0.287955016,0.57206274,0.040963855
27053026612,0.076843394,0.198512101,0.168000753,0.449383181,0.107260571,0.471324984,0.528675016,0.772294943,0.046520388,0.00574442,0.143893022,0.002354271,0.003013466,0.02617949,0.022212967,0.081493822,0.199639039,0.696654172,0.01870527
27053026613,0.093174767,0.227714581,0.134850052,0.441985522,0.102275078,0.508790072,0.491209928,0.618407446,0.10868666,0.007342296,0.231747673,0,0,0.033815926,0.004801325,0.078807947,0.226490066,0.689900662,0.036471068
27053026702,0.057218643,0.100795756,0.225843122,0.352027283,0.264115195,0.45585449,0.54414551,0.893899204,0.055323986,0,0.017051914,0.00795756,0.010231148,0.015536188,0.074271845,0.294660194,0.416019417,0.215048544,0.033519553
27053026706,0.083333333,0.119453044,0.200206398,0.429566563,0.16744066,0.484520124,0.515479876,0.919504644,0.027347781,0.002063983,0.02244582,0,0.005159959,0.023477812,0.015400411,0.184804928,0.385352498,0.414442163,0.033333333
27053026707,0.074452555,0.120542231,0.211887383,0.477163712,0.115954119,0.505735141,0.494264859,0.909697602,0.015015641,0.007924922,0.031908238,0,0.022523462,0.012930136,0.033141605,0.22130923,0.35058888,0.394960285,0.028697572
27053026708,0.08093372,0.173112966,0.179758051,0.416425285,0.149769978,0.496677458,0.503322542,0.857386267,0.059124212,0.015675584,0.040552053,0,0.003407736,0.023854149,0.023391813,0.240984405,0.321881092,0.41374269,0.046879851
27053026710,0.099729898,0.12383129,0.223561188,0.417307293,0.13557033,0.471327654,0.528672346,0.80947434,0.067940993,0,0.103469769,0,0.003635986,0.015478911,0.031877729,0.09636099,0.329694323,0.542066958,0.025204118
27053026711,0.078947368,0.140243902,0.216302953,0.435494223,0.129011553,0.498716303,0.501283697,0.879332478,0.052310655,0.000320924,0.004813864,0,0.020860077,0.042362003,0.013408304,0.221020761,0.439878893,0.325692042,0.02680067
27053026712,0.060280513,0.152491793,0.180543121,0.4318114,0.174873172,0.485825127,0.514174873,0.827812593,0.090719188,0.009549388,0.023575052,0,0.005371531,0.042972247,0.034916768,0.150223305,0.350791717,0.46406821,0.023983316
27053026713,0.039087212,0.133077271,0.228197018,0.464979666,0.134658834,0.46746498,0.53253502,0.89561681,0.041572526,0,0.027564392,0,0.002485314,0.032760958,0.016553355,0.167307124,0.353827963,0.462311558,0.02616179
27053026714,0.06443606,0.190329627,0.145651311,0.44271247,0.156870532,0.454725973,0.545274027,0.843526608,0.081910246,0.003177125,0.056890389,0,0.001886418,0.012609214,0.020194888,0.18556701,0.259991527,0.534246575,0.019159912
27053026715,0.060942866,0.267436778,0.146550109,0.451451764,0.073618483,0.482297846,0.517702154,0.802809866,0.036403372,0,0.126631283,0,0.006056822,0.028098658,0.018282439,0.104555786,0.196165629,0.680996146,0.033128148
27053026716,0.046111245,0.215988442,0.135925837,0.496267758,0.105706718,0.487478931,0.512521069,0.843727426,0.027570431,0.001565134,0.081386949,0,0.009390802,0.036359258,0.019506301,0.070947695,0.265320214,0.64422579,0.011706716
27053026807,0.075338849,0.15173385,0.226016546,0.393768703,0.153142052,0.476500616,0.523499384,0.578243267,0.259637388,0,0.054743883,0,0.059320542,0.04805492,0.060759494,0.260253165,0.387341772,0.29164557,0.056567593
27053026809,0.123122023,0.216746061,0.267130817,0.359838769,0.033162331,0.446134115,0.553865885,0.330890436,0.41938439,0.042139978,0.117808721,0,0.077134481,0.012641993,0.249215317,0.253295669,0.366290019,0.131198996,0.077679783
27053026810,0.110484165,0.187113214,0.2695668,0.340553331,0.09228249,0.448671278,0.551328722,0.351110302,0.522570076,0,0.08390972,0,0,0.042409902,0.136788189,0.225067792,0.426333233,0.211810786,0.02815534
27053026811,0.086657727,0.247234328,0.20030171,0.353335568,0.112470667,0.473348978,0.526651022,0.423734495,0.295507878,0,0.214381495,0,0.021622528,0.044753604,0.086348684,0.283442982,0.37308114,0.257127193,0.031691246
27053026812,0.057878251,0.248808389,0.170366335,0.406373417,0.116573608,0.503608879,0.496391121,0.528122021,0.210676835,0.000272368,0.236007082,0,0,0.024921694,0.10056719,0.172556719,0.303010471,0.42386562,0.021525379
27053026814,0.044863364,0.209703346,0.251790151,0.405085489,0.08855765,0.516440158,0.483559842,0.443226655,0.280140289,0,0.202250475,0,0.018120707,0.056261873,0.13554932,0.231599396,0.407943017,0.224908267,0.026224641
27053026815,0.074433657,0.180330816,0.272743617,0.380978065,0.091513844,0.517979144,0.482020856,0.466379,0.253505933,0.001977706,0.23067242,0.003955412,0.019057893,0.024451636,0.04995971,0.225087295,0.405586892,0.319366103,0.037301834
27053026816,0.058046683,0.217444717,0.216062654,0.375307125,0.133138821,0.4629914,0.5370086,0.381756757,0.32002457,0,0.257217445,0,0,0.041001229,0.123592695,0.247935952,0.367525644,0.260945709,0.034292035
27053026818,0.061990212,0.259584013,0.219820555,0.346247961,0.112357259,0.45860522,0.54139478,0.36358075,0.320554649,0,0.1908646,0,0.056076672,0.068923328,0.188281764,0.332126399,0.331468071,0.148123766,0.072719803
27053026819,0.158655804,0.150101833,0.309368635,0.323828921,0.058044807,0.440936864,0.559063136,0.277393075,0.577800407,0.001221996,0.090631365,0,0.003869654,0.049083503,0.144492132,0.295779685,0.442060086,0.117668097,0.0636289
27053026820,0.057924782,0.222296844,0.196272666,0.437961719,0.085543989,0.486232371,0.513767629,0.627602418,0.125,0.003274009,0.198287441,0,0.010409671,0.035426461,0.054985051,0.184583387,0.303652671,0.45677889,0.02211737
27053026822,0.047671113,0.156789853,0.166848896,0.420949049,0.207741089,0.478460529,0.521539471,0.702383556,0.129236825,0,0.128143451,0.010277717,0.006560245,0.023398207,0.055406613,0.161155794,0.352397974,0.431039619,0.028030004
27053026823,0.065975495,0.166352498,0.170829406,0.460179076,0.136663525,0.500235627,0.499764373,0.633129123,0.169651272,0,0.184495759,0,0,0.012723845,0.117627003,0.166723491,0.237299693,0.478349812,0.068878622
27053026903,0.089849108,0.149291267,0.20964792,0.406264289,0.144947417,0.506858711,0.493141289,0.845450389,0.084819387,0,0.015775034,0,0.020347508,0.033607682,0.048334422,0.255062051,0.348791639,0.347811888,0.066977533
27053026906,0.09004329,0.187878788,0.193444651,0.42733457,0.101298701,0.463821892,0.536178108,0.880272109,0.071985158,0,0.026839827,0,0,0.020902907,0.012593985,0.22387218,0.390225564,0.373308271,0.014879107
27053026907,0.06729071,0.197633345,0.165842458,0.462380784,0.106852702,0.5,0.5,0.866478276,0.069410102,0.002119392,0.027022254,0,0,0.034969975,0.031699521,0.139584443,0.343100693,0.485615344,0.028741018
27053026908,0.048971128,0.209443292,0.182804275,0.5058223,0.052959005,0.475673951,0.524326049,0.833785293,0.117084064,0,0.030945924,0,0,0.018184718,0.010650888,0.235029586,0.392189349,0.362130178,0.024858479
27053026909,0.081598793,0.217647059,0.152488688,0.444570136,0.103695324,0.466440422,0.533559578,0.910784314,7.54E-05,7.54E-05,0.071040724,0,0,0.018024133,0.030095598,0.214091821,0.314292458,0.441520123,0.029777353
27053026910,0.069078947,0.199744152,0.150402047,0.461805556,0.118969298,0.541118421,0.458881579,0.899853801,0.01370614,0,0.029788012,0,0.046418129,0.010233918,0.047760389,0.262277388,0.297085807,0.392876417,0.022457491
27053027001,0.075637394,0.190934844,0.140509915,0.47223796,0.120679887,0.490368272,0.509631728,0.964305949,0.001699717,0,0.007648725,0,0,0.026345609,0.031184155,0.213653603,0.348925411,0.406236831,0.063195147
27053027002,0.066341287,0.20010846,0.142986262,0.439262473,0.151301518,0.495661605,0.504338395,0.930404917,0.041937816,0.000542299,0.003434563,0,0.009038322,0.014642082,0.037086805,0.20424617,0.30932545,0.449341575,0.010944911
27053027101,0.082600548,0.216808419,0.122243045,0.461726971,0.116621018,0.502234395,0.497765605,0.896641199,0.002594782,0.002306473,0.074527894,0,0,0.023929653,0.033274179,0.105146406,0.245119787,0.616459627,0.019742489
27053027102,0.067152525,0.164150616,0.141072358,0.499566198,0.128058303,0.525594309,0.474405691,0.920353982,0.002949853,0,0.065590838,0,0.003817456,0.007287871,0.055758461,0.265400536,0.338933528,0.339907475,0.039496782
27053027201,0.047640585,0.204130861,0.099050204,0.462385044,0.186793306,0.538368762,0.461631238,0.972259913,0,0,0.017488316,0,0,0.010251771,0.024543875,0.127497828,0.202867072,0.645091225,0.025578563
27053027202,0.041450777,0.184225676,0.150834773,0.473229706,0.150259067,0.51871042,0.48128958,0.937248129,0.032239493,0,0.002302821,0,0,0.028209557,0.025256511,0.233622731,0.322020521,0.419100237,0.073457395
27053027203,0.055812687,0.107269262,0.15028587,0.464742717,0.221889464,0.513748979,0.486251021,0.947454397,0.014157365,0,0.008712224,0.002450313,0,0.027225701,0.028960818,0.20988075,0.274616695,0.486541738,0.029382958
27053027300,0.0230322,0.153175313,0.124105546,0.400939177,0.298747764,0.457289803,0.542710197,0.92039356,0.048076923,0,0.020125224,0,0,0.011404293,0.029625327,0.123729306,0.273308161,0.573337206,0.029126214
27053027400,0.040235294,0.222823529,0.071294118,0.502352941,0.163294118,0.480470588,0.519529412,0.980470588,0.000470588,0.002588235,0.012705882,0,0.003764706,0,0.001356852,0.09531886,0.170624152,0.732700136,0.025423729
27053027501,0.034108527,0.141085271,0.188925803,0.446733112,0.189147287,0.510299003,0.489700997,0.947508306,0.011738649,0,0.00952381,0.003543743,0.013289037,0.014396456,0.028078385,0.157648435,0.267037145,0.547236034,0.037714286
27053027503,0.053700677,0.225309363,0.113238384,0.449918282,0.157833294,0.502918515,0.497081485,0.98645809,0.000233481,0,0.011207098,0,0.002101331,0,0.013903372,0.132429614,0.231838721,0.621828293,0.035040431
27053027504,0.057209574,0.183012259,0.112667834,0.451546994,0.195563339,0.507589025,0.492410975,0.958552248,0.003502627,0.00262697,0.003794513,0,0,0.031523643,0.012520868,0.077629382,0.175292154,0.734557596,0.063754427
27053027601,0.076667519,0.138001533,0.196013289,0.432915921,0.156401738,0.506772297,0.493227703,0.936621518,0.002555584,0,0.018911321,0,0.00485561,0.037055967,0.038422649,0.203235592,0.34041119,0.41793057,0.032674119
27053027602,0.043024533,0.122482607,0.221530575,0.479860857,0.133101428,0.530941047,0.469058953,0.942145734,0,0.003478579,0.023251556,0,0,0.03112413,0.017096075,0.169275223,0.353479412,0.46014929,0.035061874
27053027700,0.050741282,0.21601587,0.116412612,0.507099603,0.109730633,0.482877427,0.517122573,0.9489455,0.005846732,0.000939653,0.029338066,0,0.001461683,0.013468365,0.030118649,0.162306054,0.267873441,0.539701856,0.030667364
27053100200,0.031441291,0.14885921,0.168614357,0.526989427,0.124095715,0.497495826,0.502504174,0.565664997,0.335559265,0.012520868,0.005008347,0,0.052587646,0.028658876,0.083944282,0.303519062,0.355571848,0.256964809,0.062862669
27053100400,0.091195961,0.240138845,0.281792364,0.325654781,0.06121805,0.501420006,0.498579994,0.348690439,0.438308615,0.013884506,0.11928053,0,0.067844746,0.011991164,0.205692803,0.188506982,0.423200859,0.182599356,0.150262467
27053100500,0.065532766,0.113056528,0.292646323,0.371685843,0.157078539,0.492746373,0.507253627,0.820910455,0.086543272,0.014507254,0.025012506,0,0.009004502,0.044022011,0.078145695,0.217880795,0.335099338,0.368874172,0.023829088
27053100700,0.046489259,0.243026611,0.225392754,0.413914716,0.071176659,0.455274126,0.544725874,0.436357807,0.393074703,0.036870792,0.075665277,0,0.018275088,0.039756332,0.096478534,0.285094067,0.346840328,0.271587072,0.081369248
27053100800,0.061082474,0.25257732,0.228350515,0.396391753,0.061597938,0.456443299,0.543556701,0.324226804,0.478350515,0.005927835,0.154896907,0,0.003865979,0.032731959,0.12477396,0.331374322,0.409584087,0.134267631,0.125446201
27053100900,0.083509962,0.172742688,0.255616787,0.391055532,0.097075032,0.561466723,0.438533277,0.345485375,0.391267486,0.010173802,0.176981772,0,0.005086901,0.071004663,0.253077975,0.334131327,0.265389877,0.147400821,0.08680248
27053101200,0.04512958,0.109472744,0.31769437,0.408623771,0.119079535,0.483243968,0.516756032,0.850312779,0.031277927,0.007372654,0.033288651,0,0.033288651,0.044459339,0.008915732,0.136899626,0.258556227,0.595628415,0.012410797
27053101300,0.07,0.294285714,0.325238095,0.267142857,0.043333333,0.493809524,0.506190476,0.200952381,0.458571429,0,0.155238095,0,0.088095238,0.097142857,0.247126437,0.399425287,0.22605364,0.127394636,0.141575274
27053101600,0.05770751,0.271146245,0.233992095,0.379841897,0.057312253,0.596047431,0.403952569,0.239525692,0.482608696,0.020158103,0.149802372,0,0.066798419,0.041106719,0.245037645,0.267624914,0.303216975,0.184120465,0.14548495
27053101800,0.084262701,0.149938042,0.381164808,0.327137546,0.057496902,0.481784387,0.518215613,0.533085502,0.133085502,0.055266419,0.022800496,0,0.16802974,0.087732342,0.145155524,0.24454773,0.29531641,0.314980336,0.04400607
27053101900,0.064241486,0.066950464,0.310758514,0.375773994,0.182275542,0.511996904,0.488003096,0.818111455,0.056501548,0.034829721,0.041021672,0,0.025928793,0.023606811,0.060520095,0.171631206,0.298817967,0.469030733,0.055555556
27053102000,0.062589413,0.221387697,0.270028612,0.378755365,0.067238913,0.533261803,0.466738197,0.372317597,0.390915594,0.007153076,0.172031474,0,0.006795422,0.050786838,0.212209302,0.155813953,0.362790698,0.269186047,0.131246237
27053102100,0.167340934,0.254505333,0.299742552,0.248988599,0.029422582,0.487311512,0.512688488,0.173593233,0.425156307,0,0.248988599,0,0.041559397,0.110702464,0.212731668,0.3634166,0.302175665,0.121676068,0.095754291
27053102300,0.058499656,0.21541638,0.18238128,0.406744666,0.136958018,0.554714384,0.445285616,0.163799036,0.560908465,0.008258775,0.189951824,0,0.006194081,0.070887818,0.14530777,0.255297679,0.310797175,0.288597376,0.046468401
27053102500,0.061056106,0.080858086,0.408250825,0.32970297,0.120132013,0.466006601,0.533993399,0.653465347,0.136963696,0.009570957,0.023762376,0,0.125412541,0.050825083,0.107679466,0.155676127,0.274624374,0.462020033,0.024549098
27053102600,0.063362289,0.100153296,0.413387839,0.353091467,0.07000511,0.504854369,0.495145631,0.718957588,0.138477261,0.019417476,0.026571283,0,0.043944813,0.052631579,0.14703783,0.22840828,0.247680228,0.376873662,0.076866223
27053102800,0.088748496,0.25,0.324308063,0.259927798,0.077015644,0.531588448,0.468411552,0.163056558,0.548736462,0.038507822,0.124548736,0.002105897,0.030084236,0.092960289,0.220205687,0.237144586,0.328493648,0.21415608,0.188769415
27053102900,0.097472924,0.285920578,0.263537906,0.290974729,0.062093863,0.400722022,0.599277978,0.287364621,0.477256318,0.007942238,0.19566787,0,0.009386282,0.022382671,0.245856354,0.214088398,0.20441989,0.335635359,0.156040268
27053103000,0.024833434,0.098728044,0.40096911,0.328891581,0.146577832,0.525136281,0.474863719,0.745608722,0.073894609,0,0.078740157,0,0.059963658,0.041792853,0.054462935,0.142208775,0.223146747,0.580181543,0.010067114
27053103100,0.047098002,0.077545195,0.367269267,0.408182683,0.099904853,0.559467174,0.440532826,0.751665081,0.175547098,0,0.017126546,0,0.029019981,0.026641294,0.125,0.198214286,0.273809524,0.40297619,0.034920635
27053103400,0.121489429,0.304196908,0.230356579,0.279899022,0.064058062,0.4626065,0.5373935,0.105396024,0.662038498,0.005048911,0.029662354,0,0.140738403,0.057115809,0.284466625,0.183406114,0.321272614,0.210854648,0.124713083
27053103600,0.02246696,0.038325991,0.219823789,0.455066079,0.264317181,0.455506608,0.544493392,0.837444934,0.01938326,0.003524229,0.073568282,0,0.011453744,0.054625551,0.014983084,0.04301595,0.245045916,0.696955051,0.002001334
27053103700,0.048141087,0.037178265,0.594137274,0.240467112,0.080076263,0.500714967,0.499285033,0.77907531,0.102240229,0.014775977,0.05815062,0,0.003098189,0.042659676,0.053367685,0.09201325,0.218623482,0.635995583,0.060019679
27053103900,0.002377807,0,0.95984148,0.028005284,0.009775429,0.52998679,0.47001321,0.742668428,0.089828269,0.002906209,0.112549538,0,0.010303831,0.041743725,0.00973236,0.180048662,0.126520681,0.683698297,0.092644135
27053104000,0.04147178,0.05487995,0.662457125,0.210477081,0.030714063,0.492672279,0.507327721,0.721702526,0.092298098,0.012784534,0.149360773,0,0.006080449,0.01777362,0.093167702,0.119646943,0.188950637,0.598234717,0.052449068
27053104100,0.118184413,0.159862975,0.335141307,0.303739652,0.083071653,0.512132458,0.487867542,0.463317157,0.260919212,0.017128176,0.129888667,0,0.033399943,0.095346846,0.184100418,0.170618317,0.333798233,0.311483031,0.021041557
27053104400,0.018921476,0.010879849,0.448912015,0.474456008,0.046830653,0.665089877,0.334910123,0.646641438,0.197256386,0.010406812,0.093188269,0.002838221,0.004730369,0.044938505,0.059308072,0.203185063,0.216913784,0.520593081,0.089787526
27053104800,0.146145139,0.167400327,0.383851088,0.216828072,0.085775374,0.489875487,0.510124513,0.220601182,0.633505219,0.002138096,0.103760533,0,0.00742045,0.032574519,0.354073293,0.202478249,0.201423675,0.242024782,0.114933115
27053104900,0.025670561,0.049695573,0.819812407,0.088859635,0.015961823,0.522626296,0.477373704,0.546651308,0.135757775,0.005759421,0.264439691,0,0.012506171,0.034885634,0.147794118,0.067647059,0.179411765,0.605147059,0.054646406
27053105100,0.050988554,0.133888311,0.180714533,0.462712452,0.17169615,0.52271939,0.47728061,0.892819979,0.018730489,0,0.01526188,0,0.006243496,0.066944155,0.0101635,0.038002651,0.215201061,0.736632788,0.028317601
27053105201,0.033921303,0.020013569,0.436227951,0.314111262,0.195725916,0.511872456,0.488127544,0.832089552,0.037991859,0,0.06614654,0,0.019335142,0.044436906,0.007061593,0.062769714,0.236171047,0.693997646,0
27053105204,0.071295952,0.023022651,0.449313034,0.317118455,0.139249907,0.555885629,0.444114371,0.560341626,0.283698478,0.003341998,0.046416636,0,0.013739324,0.092461938,0.096730245,0.18982743,0.207992734,0.505449591,0.078767123
27053105400,0.051605918,0.016600505,0.448574522,0.431974017,0.051245038,0.588957055,0.411042945,0.547455792,0.303139661,0.021652833,0.089498376,0,0.005774089,0.032479249,0.067170819,0.149021352,0.297153025,0.486654804,0.092345679
27053105500,0.045431211,0.066991786,0.319558522,0.422997947,0.145020534,0.537217659,0.462782341,0.843172485,0.035164271,0,0.034650924,0,0.027977413,0.059034908,0,0.034752661,0.178459612,0.786787727,0.026977762
27053105600,0.034215328,0.015510949,0.531478102,0.32185219,0.096943431,0.528056569,0.471943431,0.787408759,0.108804745,0,0.062043796,0,0.009124088,0.032618613,0.031784841,0.104862809,0.236348818,0.627003532,0.036053661
27053105700,0.009597638,0.006275378,0.57696567,0.34477667,0.062384644,0.554448136,0.445551864,0.572905131,0.267257291,0.016242156,0.032484312,0,0.008121078,0.102990033,0.040750916,0.267857143,0.351648352,0.33974359,0.031074885
27053106000,0.07121263,0.192811555,0.302989587,0.312395029,0.120591199,0.453140746,0.546859254,0.16963386,0.578098757,0.086328519,0.029895868,0,0.120591199,0.015451797,0.364539749,0.265690377,0.220188285,0.14958159,0.068269977
27053106200,0.102105779,0.123408423,0.391772772,0.293584721,0.089128306,0.55460333,0.44539667,0.359451518,0.6043095,0.00367287,0.018854065,0,0.002693438,0.011018609,0.212440888,0.128410331,0.255365587,0.403783194,0.104201681
27053106400,0.053026245,0.087841457,0.274772362,0.352437065,0.231922871,0.470808784,0.529191216,0.536154258,0.434386717,0.002678093,0.010712373,0,0,0.016068559,0.248680739,0.115435356,0.122691293,0.513192612,0.082802548
27053106500,0.042662116,0.082642613,0.292296441,0.381033642,0.201365188,0.480009751,0.519990249,0.91686982,0.009507557,0,0.043393467,0.003412969,0.009995124,0.016821063,0.016432626,0.060950105,0.090528832,0.832088437,0.024981357
27053106600,0.04787234,0.064209726,0.344224924,0.380699088,0.162993921,0.425531915,0.574468085,0.875,0.001139818,0.002659574,0.030015198,0,0.025455927,0.065729483,0.012808349,0.046963947,0.161290323,0.778937381,0.053418803
27053106700,0.013876652,0.032819383,0.578634361,0.305286344,0.06938326,0.59339207,0.40660793,0.847136564,0.064977974,0.000881057,0.032599119,0,0.016299559,0.038105727,0.026025237,0.097266036,0.285488959,0.591219769,0.029489904
27053106900,0.028391167,0.06534475,0.531771068,0.322667868,0.051825146,0.506083822,0.493916178,0.672374944,0.220820189,0.021631365,0.049571879,0,0.004055881,0.031545741,0.078095238,0.148571429,0.313015873,0.46031746,0.081956798
27053107000,0.082751745,0.091226321,0.425473579,0.374127617,0.026420738,0.627617149,0.372382851,0.557328016,0.193170489,0.008973081,0.02218345,0,0.170239282,0.048105683,0.119105833,0.216206776,0.310164163,0.354523227,0.027372263
27053107400,0.068807339,0.177370031,0.27166157,0.392456677,0.089704383,0.521406728,0.478593272,0.546381244,0.186034659,0.069317023,0.017329256,0,0.135575943,0.045361876,0.2434905,0.132301196,0.263898663,0.360309641,0.068081344
27053107500,0.051052632,0.105263158,0.300526316,0.404736842,0.138421053,0.489473684,0.510526316,0.876315789,0.033684211,0.013157895,0.021052632,0,0.014736842,0.041052632,0.039295393,0.12195122,0.217479675,0.621273713,0.030595813
27053107600,0.051705468,0.149160801,0.185435842,0.452084461,0.161613427,0.471034109,0.528965891,0.815917704,0.009745533,0.008391987,0.051434759,0,0.085814835,0.028695181,0.068914413,0.128566136,0.217117451,0.585402001,0.045549519
27053108000,0.011335784,0.057291667,0.550551471,0.266544118,0.114276961,0.541360294,0.458639706,0.926776961,0.017156863,0.007352941,0.022977941,0,0,0.025735294,0.007867821,0.037372148,0.12588513,0.828874902,0.010972933
27053108600,0.095045501,0.140883047,0.32760364,0.385574655,0.050893158,0.527468824,0.472531176,0.622851365,0.163464779,0.027974385,0.00876306,0,0.158072127,0.018874284,0.16625433,0.266699654,0.206333498,0.360712519,0.030661646
27053108700,0.066538883,0.192497262,0.228915663,0.417579409,0.094468784,0.52135816,0.47864184,0.638006572,0.175520263,0.031763417,0.040525739,0.007667032,0.021631982,0.084884995,0.084512579,0.209119497,0.295204403,0.411163522,0.041468065
27053108800,0.022713864,0.098820059,0.286430678,0.493215339,0.098820059,0.542772861,0.457227139,0.660766962,0.174041298,0.007374631,0.041887906,0,0.068141593,0.047787611,0.150575113,0.265946323,0.221331474,0.36214709,0.051270208
27053108900,0.045599635,0.124031008,0.192886457,0.492020064,0.145462836,0.510259918,0.489740082,0.845417237,0.049247606,0.007295942,0.019607843,0,0,0.078431373,0.037267081,0.189158667,0.216261999,0.557312253,0.061337009
27053109000,0.046117922,0.110916521,0.178633975,0.504962055,0.159369527,0.486865149,0.513134851,0.931115003,0.012842966,0,0.01517805,0,0.014010508,0.026853473,0.014978602,0.106276748,0.231098431,0.64764622,0.022583559
27053109100,0.032496915,0.065199506,0.453311394,0.323940765,0.125051419,0.469559852,0.530440148,0.916495269,0.029411765,0,0.025915261,0,0,0.028177705,0.039949749,0.067085427,0.191959799,0.701005025,0.04701532
27053109200,0.053401144,0.044500954,0.477431659,0.315638907,0.109027336,0.493642721,0.506357279,0.839478703,0.059122695,0.015893198,0.024793388,0,0.018753973,0.041958042,0.056528662,0.118232484,0.248009554,0.577229299,0
27053109300,0.016484848,0.104242424,0.392727273,0.406060606,0.080484848,0.491878788,0.508121212,0.738181818,0.080242424,0.002909091,0.036848485,0,0.090424242,0.051393939,0.074672356,0.138677233,0.250838159,0.535812252,0.034726688
27053109400,0.102172908,0.193250116,0.333333333,0.314840499,0.056403144,0.459084605,0.540915395,0.491447064,0.22283865,0.026352288,0.057327785,0,0.122515025,0.079519186,0.336752137,0.218803419,0.214529915,0.22991453,0.108730159
27053109700,0.119582665,0.124398074,0.264847512,0.420545746,0.070626003,0.480337079,0.519662921,0.670144462,0.13964687,0.054574639,0.012038523,0,0.059791332,0.063804173,0.114686951,0.208308953,0.210649503,0.466354593,0.055238095
27053109800,0.069995222,0.182274247,0.189202102,0.441949355,0.116579073,0.499761108,0.500238892,0.889154324,0.047778309,0,0.02484472,0,0,0.038222647,0.0151622,0.069464034,0.118829337,0.796544429,0.029122231
27053109900,0.072324526,0.112890312,0.285028022,0.4374166,0.092340539,0.493728316,0.506271684,0.852682146,0.017347211,0,0.040298906,0,0.038163864,0.051507873,0.009943182,0.125,0.220525568,0.64453125,0.039215686
27053110000,0.069954706,0.216406643,0.36235531,0.305988928,0.045294414,0.520885757,0.479114243,0.342224459,0.317060896,0.008555611,0.046804227,0,0.242576749,0.042778057,0.158558559,0.315315315,0.284684685,0.241441441,0.110662359
27053110100,0.070149799,0.144318597,0.28206065,0.411764706,0.091706248,0.529046401,0.470953599,0.737303617,0.067592254,0.018268177,0.01242236,0,0.058092802,0.106320789,0.064532783,0.148167269,0.321115126,0.466184822,0.043670536
27053110200,0.07757118,0.111563045,0.225159791,0.462812318,0.122893666,0.501162115,0.498837885,0.861708309,0.023242301,0.001743173,0.010749564,0,0.061882626,0.040674027,0.063742032,0.108736408,0.273715786,0.553805774,0.026071586
27053110400,0.068995633,0.149053857,0.283842795,0.413973799,0.084133916,0.491120815,0.508879185,0.717612809,0.235516739,0,0.020960699,0,0.002328967,0.023580786,0.108294931,0.192012289,0.228494624,0.471198157,0.045515998
27053110500,0.070972159,0.099041534,0.236193519,0.415791876,0.178000913,0.494066636,0.505933364,0.863532634,0.046097672,0.002053857,0.038566864,0.003194888,0.002966682,0.043587403,0.00497076,0.133333333,0.211695906,0.65,0.028510335
27053110800,0.096417514,0.108359133,0.295002211,0.411764706,0.088456435,0.463732862,0.536267138,0.860459973,0.056390977,0.005307386,0.026979213,0,0.020123839,0.030738611,0.062309102,0.071472205,0.193341478,0.672877214,0.026785714
27053110900,0.069871603,0.146312332,0.32547029,0.345774858,0.112570917,0.464317707,0.535682293,0.644670051,0.191699015,0.002388773,0.049865632,0,0.086891609,0.024484921,0.0528,0.106,0.3124,0.5288,0.019559902
27053111100,0.062156693,0.121711477,0.238219138,0.447528187,0.130384504,0.511708586,0.488291414,0.854293148,0.041341428,0.003469211,0.027753686,0,0.035270309,0.037872217,0.043591654,0.160581222,0.167660209,0.628166915,0.029969149
27053111200,0.084554335,0.162698413,0.157203907,0.462454212,0.133089133,0.484126984,0.515873016,0.937423687,0.014346764,0.014041514,0.024725275,0,0,0.009462759,0.003501094,0.042888403,0.180306346,0.773304158,0.025952512
27053111300,0.087626775,0.196348884,0.157606491,0.432454361,0.125963489,0.484989858,0.515010142,0.869776876,0.040567951,0,0.027383367,0,0.001622718,0.060649087,0.02014218,0.065165877,0.095379147,0.819312796,0.025945946
27053111400,0.088129926,0.223787915,0.119178409,0.439216623,0.129687127,0.472653451,0.527346549,0.889897301,0.039168856,0.00214951,0.049438739,0,0.002388345,0.016957249,0.003571429,0.056428571,0.160714286,0.779285714,0.016970725
27053111500,0.082483956,0.157417894,0.181577954,0.456776142,0.121744054,0.489429974,0.510570026,0.889203473,0.04416761,0.026425066,0.014156285,0,0.006606267,0.019441299,0.035353535,0.081871345,0.207070707,0.675704413,0.036189298
27053111600,0.079756469,0.140334855,0.18630137,0.468188737,0.125418569,0.502891933,0.497108067,0.837747336,0.126636225,0.008828006,0.01065449,0,0.005175038,0.010958904,0.018648985,0.105263158,0.146705346,0.729382511,0.039786511
27053122500,0.092533871,0.098875757,0.386566734,0.319112136,0.102911502,0.486595561,0.513404439,0.774863073,0.083309311,0.007206688,0.046987604,0,0.001729605,0.085903719,0.058527132,0.139922481,0.227131783,0.574418605,0.007465964
27053122600,0.080399826,0.098218166,0.31986093,0.37809648,0.123424598,0.460669274,0.539330726,0.937418514,0.012168622,0.002607562,0.024337245,0,0,0.023468057,0.017366947,0.153501401,0.200560224,0.628571429,0.014259144
27053125500,0.052673583,0.173716414,0.220803405,0.38254855,0.170258047,0.474860335,0.525139665,0.727055068,0.134876297,0.000798085,0.054535781,0,0.040702314,0.042032455,0.134843982,0.247028232,0.349182764,0.268945022,0.025751073
27053125600,0.023446659,0.079425557,0.535463072,0.259671747,0.101992966,0.51992966,0.48007034,0.737983587,0.043083236,0.013481829,0.147420868,0,0.002637749,0.055392732,0.011530398,0.046121593,0.124737945,0.817610063,0.033129904
27053125700,0.105104281,0.249725576,0.307354555,0.275521405,0.062294182,0.501920966,0.498079034,0.155872667,0.470911087,0.00960483,0.205268935,0,0.096597146,0.061745335,0.233205898,0.262697979,0.317312944,0.186783179,0.153496305
27053125800,0.112519501,0.22874415,0.270865835,0.346333853,0.041536661,0.506045242,0.493954758,0.380850234,0.375780031,0.005265211,0.042901716,0,0.166731669,0.028471139,0.263599731,0.162189389,0.30725319,0.26695769,0.071961223
27053125900,0.116813796,0.271607473,0.248614248,0.301170191,0.061794293,0.501745022,0.498254978,0.235885855,0.297680148,0.15089304,0.075343872,0,0.217614453,0.022582632,0.351080865,0.20256205,0.20336269,0.242994396,0.062439962
27053126000,0.081443689,0.233371126,0.271352986,0.292517007,0.121315193,0.507369615,0.492630385,0.252645503,0.535147392,0.020219199,0.010770975,0,0.148526077,0.032690854,0.361730449,0.22063228,0.213643927,0.203993344,0.091616249
27053126100,0.020061728,0.011574074,0.432561728,0.413734568,0.122067901,0.486882716,0.513117284,0.659876543,0.154166667,0.013117284,0.141049383,0,0,0.031790123,0.045292014,0.100970543,0.19104376,0.662693683,0.062649035
27053126200,0.028120118,0.024301337,0.480992883,0.416594341,0.049991321,0.54625933,0.45374067,0.812532546,0.09251866,0.005033848,0.040097205,0,0.014060059,0.035757681,0.03256445,0.063384377,0.142081799,0.761969374,0.044693967
27053980000,0,0.149019608,0.133333333,0.662745098,0.054901961,0.678431373,0.321568627,0.737254902,0.231372549,0.011764706,0,0,0.015686275,0.003921569,0.032258065,0.322580645,0.534562212,0.110599078,0.178861789